{
    "id": "ckl-sihedron",
    "title": "Sihedron! pf1",
    "description": "Example basic module.",
    "version": "1.0.0",
    "author": "David Rickey",
    "authors": [
        {
            "name": "David Rickey",
            "discord": "david (aka claudekennilol)#2244"
        }
    ],
    "esmodules": [
        "module.js"
    ],
    "styles": [
        "ckl-sihedron.css"
    ],
    "languages": [
        {
            "lang": "en",
            "name": "English",
            "path": "lang/en.json"
        }
    ],
    "relationships": {
        "systems": [
            {
                "id": "pf1",
                "type": "system",
                "manifest": "https://gitlab.com/foundryvtt_pathfinder1e/foundryvtt-pathfinder1/-/releases/permalink/latest/downloads/system.json",
                "compatibility": {
                    "minimum": "0.82",
                    "verified": "0.82.5"
                }
            }
        ],
        "requires": [
            {
                "id": "socketlib",
                "type": "module"
            },
            {
                "id": "warpgate",
                "type": "module"
            }
        ]
    },
    "compatibility": {
        "minimum": "10",
        "verified": "10"
    },
    "license": "LICENSE",
    "readme": "https://github.com/dmrickey/ckl-foundry-modules/blob/main/ckl-sihedron/README.md",
    "manifest": "https://github.com/dmrickey/ckl-foundry-modules/raw/main/ckl-sihedron/module.json",
    "download": "https://github.com/dmrickey/ckl-foundry-modules/raw/main/ckl-sihedron/ckl-sihedron.zip",
    "socket": true,
    "packs": [
        {
            "name": "ckl-sihedron",
            "label": "Sihedron (ckl)",
            "system": "pf1",
            "path": "packs/ckl-sihedron.db",
            "entity": "Item",
            "module": "ckl-sihedron"
        }
    ]
}
