{
    "id": "ckl-auto-heal-targets",
    "title": "Auto Heal Targets PF1",
    "description": "Simple module that heals friendly targets automatically.",
    "version": "1.2.0",
    "authors": [
        {
            "name": "David Rickey",
            "discord": "claudekennilol"
        }
    ],
    "esmodules": [
        "main.mjs"
    ],
    "styles": [
        "styles.css"
    ],
    "languages": [
        {
            "lang": "en",
            "name": "English",
            "path": "lang/en.json"
        }
    ],
    "relationships": {
        "systems": [
            {
                "id": "pf1",
                "type": "system",
                "manifest": "https://gitlab.com/foundryvtt_pathfinder1e/foundryvtt-pathfinder1/-/releases/permalink/latest/downloads/system.json",
                "compatibility": {
                    "minimum": "11",
                    "verified": "11.8"
                }
            }
        ]
    },
    "compatibility": {
        "minimum": "12",
        "verified": "12"
    },
    "license": "https://github.com/dmrickey/ckl-foundry-modules/tree/main/ckl-auto-heal-targets/LICENSE",
    "readme": "https://github.com/dmrickey/ckl-foundry-modules/tree/main/ckl-auto-heal-targets#readme",
    "manifest": "https://github.com/dmrickey/ckl-foundry-modules/raw/main/ckl-auto-heal-targets/module.json",
    "download": "https://github.com/dmrickey/ckl-foundry-modules/raw/main/ckl-auto-heal-targets/ckl-auto-heal-targets.zip",
    "url": "https://github.com/dmrickey/ckl-foundry-modules/tree/main/ckl-auto-heal-targets",
    "bugs": "https://github.com/dmrickey/ckl-foundry-modules/issues",
    "socket": false
}
