{
    "name": "ckl-roll-bonuses",
    "title": "ckl Roll Bonuses",
    "description": "Example basic module.",
    "version": "1.0.0",
    "author": "David Rickey",
    "authors": [
        {
            "name": "David Rickey",
            "url": "https://github.com/dmrickey/ckl-foundry-modules",
            "discord": "david (aka claudekennilol)#2244"
        }
    ],
    "esmodules": [
        "main.mjs"
    ],
    "styles": [
        "styles.css"
    ],
    "languages": [
        {
            "lang": "en",
            "name": "English",
            "path": "lang/en.json"
        }
    ],
    "dependencies": [
        {
            "name": "warpgate",
            "type": "module"
        }
    ],
    "minimumCoreVersion": "0.9.0",
    "compatibleCoreVersion": "0.9.0",
    "systems": [
        "pf1"
    ],
    "license": "LICENSE",
    "readme": "README.md",
    "manifest": "https://github.com/dmrickey/ckl-foundry-modules/blob/main/ckl-roll-bonuses/module.json",
    "download": "https://github.com/dmrickey/ckl-foundry-modules/blob/main/ckl-roll-bonuses/ckl-roll-bonuses.zip",
    "url": "https://github.com/dmrickey/ckl-foundry-modules/tree/main/ckl-roll-bonuses",
    "bugs": "https://github.com/dmrickey/ckl-foundry-modules/issues"
}
