{
    "id": "ckl-roll-bonuses",
    "title": "Roll Bonuses PF1",
    "description": "Example basic module.",
    "version": "1.8.0",
    "url": "https://github.com/dmrickey/ckl-foundry-modules/tree/main/ckl-roll-bonuses",
    "authors": [
        {
            "name": "David Rickey",
            "discord": "david aka claudekennilol#2244",
            "flags": {}
        }
    ],
    "compatibility": {
        "minimum": "10",
        "verified": "10"
    },
    "esmodules": [
        "src/main.mjs"
    ],
    "styles": [
        "styles.css"
    ],
    "relationships": {
        "systems": [
            {
                "id": "pf1",
                "type": "system",
                "manifest": "https://gitlab.com/foundryvtt_pathfinder1e/foundryvtt-pathfinder1/-/releases/permalink/latest/downloads/system.json",
                "compatibility": {
                    "minimum": "0.82",
                    "verified": "0.82.5"
                }
            }
        ],
        "requires": [
            {
                "id": "warpgate",
                "type": "module",
                "manifest": "https://github.com/trioderegion/warpgate/releases/latest/download/module.json",
                "compatibility": {
                    "verified": "1.15.4"
                }
            },
            {
                "id": "lib-wrapper",
                "type": "module",
                "manifest": "https://github.com/ruipin/fvtt-lib-wrapper/releases/latest/download/module.json",
                "compatibility": {
                    "verified": "1.12.11.0"
                }
            }
        ]
    },
    "languages": [
        {
            "lang": "en",
            "name": "English",
            "path": "lang/en.json",
            "flags": {}
        }
    ],
    "license": "LICENSE",
    "readme": "https://github.com/dmrickey/ckl-foundry-modules/blob/main/ckl-roll-bonuses/README.md",
    "manifest": "https://github.com/dmrickey/ckl-foundry-modules/raw/main/ckl-roll-bonuses/module.json",
    "download": "https://github.com/dmrickey/ckl-foundry-modules/raw/main/ckl-roll-bonuses/ckl-roll-bonuses.zip",
    "bugs": "https://github.com/dmrickey/ckl-foundry-modules/issues"
}